request_id,compound_id,source_id,smiles,vial_id,mass_mg,purity_pct,delivery_days,handling_usd,stock_origin,identity_status,canonical_isomeric_smiles,chemical_group,identity_reason
STOCK-01,CED-01,CHEMBL5988596,Cc1nc2c(F)cc(-c3nc(Nc4ccc5c(n4)CCN(CC(C)(C)N(C)C)C5)ncc3F)cc2n1C(C)(C)C,VIAL-01,1.0,97,1,200,simulated_stock_for_real_chemical,valid,Cc1nc2c(F)cc(-c3nc(Nc4ccc5c(n4)CCN(CC(C)(C)N(C)C)C5)ncc3F)cc2n1C(C)(C)C,CHEM-a76a8d25c75f98a3,valid graph and no unresolved source-ID conflict
STOCK-02,CED-02,CHEMBL5867735,Cc1nc2c(F)cc(-c3nc(Nc4ccc5c(n4)CN(CCN(C)C)C5=O)ncc3F)cc2n1C(C)C,VIAL-02,1.3,97,2,250,simulated_stock_for_real_chemical,valid,Cc1nc2c(F)cc(-c3nc(Nc4ccc5c(n4)CN(CCN(C)C)C5=O)ncc3F)cc2n1C(C)C,CHEM-2bb8027f819ed10e,valid graph and no unresolved source-ID conflict
STOCK-03,CED-03,CHEMBL5781074,Cc1nc2c(F)cc(-c3nc(Nc4ccc5c(n4)CCNC5)ncc3F)cc2n1C1CCC1,VIAL-03,1.6,97,0,300,simulated_stock_for_real_chemical,valid,Cc1nc2c(F)cc(-c3nc(Nc4ccc5c(n4)CCNC5)ncc3F)cc2n1C1CCC1,CHEM-f7957e628d55df04,valid graph and no unresolved source-ID conflict
STOCK-04,CED-04,CHEMBL5759958,Cc1nc2c(F)cc(-c3nc(Nc4ccc5c(n4)CCN(C(=O)CN(C)C)C5)ncc3F)cc2n1C1CCCC1,VIAL-04,1.9,97,10,150,simulated_stock_for_real_chemical,valid,Cc1nc2c(F)cc(-c3nc(Nc4ccc5c(n4)CCN(C(=O)CN(C)C)C5)ncc3F)cc2n1C1CCCC1,CHEM-004c32939e82ae10,valid graph and no unresolved source-ID conflict
STOCK-05,CED-05,CHEMBL5942702,C#CCN1CCc2nc(Nc3ncc(F)c(-c4cc(F)c5nc(C)n(C(C)C)c5c4)n3)ccc2C1,VIAL-05,0.7,72,2,200,simulated_stock_for_real_chemical,valid,C#CCN1CCc2nc(Nc3ncc(F)c(-c4cc(F)c5nc(C)n(C(C)C)c5c4)n3)ccc2C1,CHEM-fe09b8a87e48bb51,valid graph and no unresolved source-ID conflict
STOCK-06,CED-06,CHEMBL5774696,Cc1nc2c(F)cc(-c3nc(Nc4ccc5c(n4)CCN(C[C@H](C)N)C5)ncc3F)cc2n1C1CC1,VIAL-06,1.0,97,0,250,simulated_stock_for_real_chemical,valid,Cc1nc2c(F)cc(-c3nc(Nc4ccc5c(n4)CCN(C[C@H](C)N)C5)ncc3F)cc2n1C1CC1,CHEM-d92cc2d7dd26d0b5,valid graph and no unresolved source-ID conflict
STOCK-07,CED-07,CHEMBL5873158,Cc1nc2c(F)cc(-c3nc(Nc4ccc5c(n4)CCNC5)ncc3F)cc2n1C(C)(C)C,VIAL-07,1.3,97,1,300,simulated_stock_for_real_chemical,valid,Cc1nc2c(F)cc(-c3nc(Nc4ccc5c(n4)CCNC5)ncc3F)cc2n1C(C)(C)C,CHEM-b1da1f554c2a7213,valid graph and no unresolved source-ID conflict
STOCK-08,CED-08,CHEMBL5853767,Cc1nc2c(F)cc(-c3nc(Nc4ccc5c(n4)CCN(C[C@@H]4CNCCO4)C5)ncc3F)cc2n1C(C)C,VIAL-08,1.6,97,2,150,simulated_stock_for_real_chemical,valid,Cc1nc2c(F)cc(-c3nc(Nc4ccc5c(n4)CCN(C[C@@H]4CNCCO4)C5)ncc3F)cc2n1C(C)C,CHEM-a7b1ac0524caa559,valid graph and no unresolved source-ID conflict
STOCK-09,CED-09,CHEMBL5848732,Cc1nc2c(F)cc(-c3nc(Nc4ncc5c(n4)CCNC5)ncc3F)cc2n1C(C)C,VIAL-09,1.9,97,0,200,simulated_stock_for_real_chemical,valid,Cc1nc2c(F)cc(-c3nc(Nc4ncc5c(n4)CCNC5)ncc3F)cc2n1C(C)C,CHEM-04d609deff32b84b,valid graph and no unresolved source-ID conflict
STOCK-10,CED-10,CHEMBL5757792,C=C(CCN(C)C)N1CCc2nc(Nc3ncc(F)c(-c4cc(F)c5nc(C)n(C6CC6)c5c4)n3)ccc2C1,VIAL-10,0.7,97,1,250,simulated_stock_for_real_chemical,valid,C=C(CCN(C)C)N1CCc2nc(Nc3ncc(F)c(-c4cc(F)c5nc(C)n(C6CC6)c5c4)n3)ccc2C1,CHEM-04268e51a426a5d6,valid graph and no unresolved source-ID conflict
STOCK-11,CED-11,CHEMBL5976713,Cc1nc2c(F)cc(-c3nc(Nc4ccc5c(n4)CCN(CC[N+](C)(C)[O-])C5)ncc3F)cc2n1C1CC1,VIAL-11,1.0,97,2,300,simulated_stock_for_real_chemical,valid,Cc1nc2c(F)cc(-c3nc(Nc4ccc5c(n4)CCN(CC[N+](C)(C)[O-])C5)ncc3F)cc2n1C1CC1,CHEM-bb34ece823e21cde,valid graph and no unresolved source-ID conflict
STOCK-12,CED-12,CHEMBL4453095,Cc1nc2c(F)cc(-c3nc(Nc4ccc5c(n4)CCN(CCN(C)C)C5)ncc3F)cc2n1[C@H]1CC[C@H](C)CC1,VIAL-12,1.3,97,10,150,simulated_stock_for_real_chemical,valid,Cc1nc2c(F)cc(-c3nc(Nc4ccc5c(n4)CCN(CCN(C)C)C5)ncc3F)cc2n1[C@H]1CC[C@H](C)CC1,CHEM-19c7160364bb30a8,valid graph and no unresolved source-ID conflict
STOCK-13,CED-13,CHEMBL5903034,Cc1nc2c(F)cc(-c3nc(Nc4ccc5c(n4)CCN(CCN(C)CB(O)O)C5)ncc3F)cc2n1C(C)C,VIAL-13,1.6,97,1,200,simulated_stock_for_real_chemical,valid,Cc1nc2c(F)cc(-c3nc(Nc4ccc5c(n4)CCN(CCN(C)CB(O)O)C5)ncc3F)cc2n1C(C)C,CHEM-f69f28db2738def7,valid graph and no unresolved source-ID conflict
STOCK-14,CED-14,CHEMBL6020742,Cc1nc2c(F)cc(-c3nc(Nc4ccc5c(n4)CCN(CC(N)=NO)C5)ncc3F)cc2n1C(C)C,VIAL-14,1.9,97,2,250,simulated_stock_for_real_chemical,valid,Cc1nc2c(F)cc(-c3nc(Nc4ccc5c(n4)CCN(CC(N)=NO)C5)ncc3F)cc2n1C(C)C,CHEM-70a9f35af0d322e8,valid graph and no unresolved source-ID conflict
STOCK-15,CED-15,CHEMBL5775801,Cc1nc2c(F)cc(-c3nc(Nc4ccc5c(n4)CCNC5)ncc3F)cc2n1C1CCCCC1,VIAL-15,0.7,97,0,300,simulated_stock_for_real_chemical,valid,Cc1nc2c(F)cc(-c3nc(Nc4ccc5c(n4)CCNC5)ncc3F)cc2n1C1CCCCC1,CHEM-ea7de12fbfbd7328,valid graph and no unresolved source-ID conflict
STOCK-16,CED-16,CHEMBL4213756,COCCN1CCc2nc(Nc3ncc(F)c(-c4cc(F)c5nc(C)n(C(C)C)c5c4)n3)ccc2C1,VIAL-16,1.0,97,1,150,simulated_stock_for_real_chemical,valid,COCCN1CCc2nc(Nc3ncc(F)c(-c4cc(F)c5nc(C)n(C(C)C)c5c4)n3)ccc2C1,CHEM-850ce644b7d21431,valid graph and no unresolved source-ID conflict
STOCK-17,CED-17,CHEMBL4455210,Cc1nc2c(F)cc(-c3nc(Nc4ccc5c(n4)CCN(CCN(C)C)C5)ncc3F)cc2n1C1CC1,VIAL-17,1.3,97,2,200,simulated_stock_for_real_chemical,valid,Cc1nc2c(F)cc(-c3nc(Nc4ccc5c(n4)CCN(CCN(C)C)C5)ncc3F)cc2n1C1CC1,CHEM-e25cbad1cc1881db,valid graph and no unresolved source-ID conflict
STOCK-18,CED-18,CHEMBL4207796,Cc1nc2c(F)cc(-c3nc(Nc4ccc5c(n4)CCN(CCF)C5)ncc3F)cc2n1C(C)C,VIAL-18,1.6,97,0,250,simulated_stock_for_real_chemical,valid,Cc1nc2c(F)cc(-c3nc(Nc4ccc5c(n4)CCN(CCF)C5)ncc3F)cc2n1C(C)C,CHEM-6af35978ad5acbaa,valid graph and no unresolved source-ID conflict
STOCK-19,CED-19,CHEMBL5956369,Cc1nc2c(F)cc(-c3nc(Nc4ccc5c(n4)CCNC5)ncc3F)cc2n1C1CCCC1,VIAL-19,1.9,97,1,300,simulated_stock_for_real_chemical,valid,Cc1nc2c(F)cc(-c3nc(Nc4ccc5c(n4)CCNC5)ncc3F)cc2n1C1CCCC1,CHEM-55b7f9a3042847ed,valid graph and no unresolved source-ID conflict
STOCK-20,CED-20,CHEMBL6021833,Cc1nc2c(F)cc(-c3nc(Nc4ccc5c(n4)CCNC5)ncc3F)cc2n1C1CC1,VIAL-20,0.7,97,2,150,simulated_stock_for_real_chemical,valid,Cc1nc2c(F)cc(-c3nc(Nc4ccc5c(n4)CCNC5)ncc3F)cc2n1C1CC1,CHEM-d456bfa6d73e3741,valid graph and no unresolved source-ID conflict
STOCK-21,CED-21,CHEMBL5870326,Cc1nc2c(F)cc(-c3nc(Nc4ccc5c(n4)CCN(C(=O)NCCN(C)C)C5)ncc3F)cc2n1C1CC1,VIAL-21,1.0,97,0,200,simulated_stock_for_real_chemical,valid,Cc1nc2c(F)cc(-c3nc(Nc4ccc5c(n4)CCN(C(=O)NCCN(C)C)C5)ncc3F)cc2n1C1CC1,CHEM-0fda888fc7843856,valid graph and no unresolved source-ID conflict
STOCK-22,CED-22,CHEMBL4466497,Cc1nc2c(F)cc(-c3nc(Nc4ccc5c(n4)CCN(CCN(C)C)C5)ncc3F)cc2n1C(C)(C)C,VIAL-22,1.3,97,1,250,simulated_stock_for_real_chemical,valid,Cc1nc2c(F)cc(-c3nc(Nc4ccc5c(n4)CCN(CCN(C)C)C5)ncc3F)cc2n1C(C)(C)C,CHEM-8d155f981d2045bb,valid graph and no unresolved source-ID conflict
STOCK-23,CED-23,OPENFF:lig_1h1q,c1ccc(Nc2nc(OCC3CCCCC3)c3nc[nH]c3n2)cc1,VIAL-23,1.6,97,2,300,simulated_stock_for_real_chemical,valid,c1ccc(Nc2nc(OCC3CCCCC3)c3nc[nH]c3n2)cc1,CHEM-e5587f6ddfb9798a,valid graph and no unresolved source-ID conflict
STOCK-24,CED-24,OPENFF:lig_1oiu,NS(=O)(=O)c1cccc(Nc2nc(OCC3CCCCC3)c3nc[nH]c3n2)c1,VIAL-24,1.9,97,0,150,simulated_stock_for_real_chemical,valid,NS(=O)(=O)c1cccc(Nc2nc(OCC3CCCCC3)c3nc[nH]c3n2)c1,CHEM-f4aa9ec3bfdfb121,valid graph and no unresolved source-ID conflict
STOCK-25,CED-01,CHEMBL5988596,Cc1nc2c(F)cc(-c3nc(Nc4ccc5c(n4)CCN(CC(C)(C)N(C)C)C5)ncc3F)cc2n1C(C)(C)C,VIAL-01,1.0,97,1,200,simulated_stock_for_real_chemical,duplicate,Cc1nc2c(F)cc(-c3nc(Nc4ccc5c(n4)CCN(CC(C)(C)N(C)C)C5)ncc3F)cc2n1C(C)(C)C,CHEM-a76a8d25c75f98a3,same physical vial as STOCK-01; no extra stock
STOCK-26,CED-02,CHEMBL5867735,Cc1nc2c(F)cc(-c3nc(Nc4ccc5c(n4)CN(CCN(C)C)C5=O)ncc3F)cc2n1C(C)C,VIAL-02,1.3,97,2,250,simulated_stock_for_real_chemical,duplicate,Cc1nc2c(F)cc(-c3nc(Nc4ccc5c(n4)CN(CCN(C)C)C5=O)ncc3F)cc2n1C(C)C,CHEM-2bb8027f819ed10e,same physical vial as STOCK-02; no extra stock
STOCK-27,CED-INVALID,SIM-INVALID,C1CC,VIAL-INVALID,1.0,97,1,200,simulated_stock_for_real_chemical,quarantined,,,invalid SMILES
STOCK-28,CED-03,CHEMBL5781074,Cc1nc2c(F)cc(-c3nc(Nc4ccc5c(n4)CCN(C(=O)CN(C)C)C5)ncc3F)cc2n1C1CCCC1,VIAL-CONFLICT,1.6,97,0,300,simulated_stock_for_real_chemical,quarantined,Cc1nc2c(F)cc(-c3nc(Nc4ccc5c(n4)CCN(C(=O)CN(C)C)C5)ncc3F)cc2n1C1CCCC1,CHEM-004c32939e82ae10,graph conflicts with earlier compound_id representation
