row_id,chemical_group,observed_pIC50,chemical_weight,mean,nearest_neighbor,rf_descriptors,rf_retrospective_index
ACT-0001,CHEM-e31f067ccb4627d8,7.282329497,1.0,7.242218865080953,7.647817482,7.175205802918744,7.299725796187497
ACT-0002,CHEM-d6424bbb4fdfd4fc,7.455931956,1.0,6.981637551727273,6.148741651,6.840851841162504,7.486804641112504
ACT-0003,CHEM-b0fba725182ebc2a,7.528708289,1.0,6.981637551727273,7.829738285,6.530482244591664,7.526241962050003
ACT-0004,CHEM-c92710e3d6eeb360,7.472370099,1.0,6.981637551727273,5.962573502,6.816566152825,7.5150399954125024
ACT-0005,CHEM-47d89c52ed10945d,7.542118103,1.0,6.981637551727273,7.829738285,7.244076197108328,7.522238191912502
ACT-0006,CHEM-17548d87f54e504b,7.809668302,1.0,6.981637551727273,7.829738285,7.600421408487503,7.8211205744
ACT-0007,CHEM-59d9ae3e54c4f6a7,7.872895202,1.0,6.981637551727273,7.829738285,6.810161803050001,7.794675193412506
ACT-0008,CHEM-760d5694ed64ea1a,7.982966661,1.0,6.981637551727273,7.690369833,6.30017128008083,7.939655055125002
ACT-0009,CHEM-dce53658f66755b7,7.218963061,1.0,6.981637551727273,7.829738285,7.070229026136666,7.1883661177499985
ACT-0010,CHEM-1ab74683a6383b32,5.962573502,1.0,7.259840336268868,7.472370099,7.094447424018744,6.002368831275004
ACT-0011,CHEM-22c855a70e723bb5,7.42945706,1.0,6.981637551727273,7.829738285,6.414358426539164,7.404178252437497
ACT-0012,CHEM-64eab3a212832cda,7.417936637,1.0,6.981637551727273,7.829738285,7.244076197108328,7.378495004599996
ACT-0013,CHEM-458d80f9007129f4,8.13430394,1.0,6.981637551727273,7.829738285,6.914964940750004,7.952637543412502
ACT-0014,CHEM-55b7f9a3042847ed,6.89279003,1.0,7.24040964179717,6.844663963,7.702211200300006,6.898501863762503
ACT-0015,CHEM-f51d2549d518b7cc,7.829738285,1.0,7.242218865080953,7.507239611,7.435617828335417,7.812315979062499
ACT-0016,CHEM-d00b9cdd8c9b6552,7.507239611,1.0,7.259840336268868,7.829738285,7.391918667863334,7.5501642064
ACT-0017,CHEM-b39d5eb4ea77de19,7.237321436,1.0,6.981637551727273,7.074172425,7.400555452374998,7.225533085749997
ACT-0018,CHEM-e843b7dc899933cb,7.42945706,1.0,6.981637551727273,7.829738285,7.2291246859125,7.394855891324997
ACT-0019,CHEM-a96cfa7820d6773b,6.821023053,1.0,6.981637551727273,7.690369833,7.0620459334,6.857698385787498
ACT-0020,CHEM-d456bfa6d73e3741,6.844663963,1.0,7.374192064630209,7.1837587,7.146225713875003,6.797966675987496
ACT-0021,CHEM-3c105ed6220c0073,6.517126416,1.0,7.374192064630209,7.057495894,7.144509171424997,6.499148512937495
ACT-0022,CHEM-05d9af55d78ffc8e,6.812479279,1.0,7.24040964179717,7.507239611,7.060745007287499,6.840562777412496
ACT-0023,CHEM-d710cd5be1fda1ef,7.690369833,1.0,7.259840336268868,7.496209317,7.051669055875413,7.687096624387496
ACT-0024,CHEM-90b5205c34268e91,7.1837587,1.0,7.242218865080953,6.844663963,7.256771956268747,7.194506319400001
ACT-0025,CHEM-ffa7837c7d28c9d4,7.047207557,1.0,7.242218865080953,6.88941029,7.010655851126662,7.041445013987501
ACT-0026,CHEM-4147b7d1e9b6dd4a,7.057495894,1.0,7.242218865080953,6.517126416,7.100637643369995,7.061781813562499
ACT-0027,CHEM-a56999a5bbf668d2,6.55129368,1.0,7.242218865080953,6.53165267,6.990630729826663,6.512048110237492
ACT-0028,CHEM-a8be0a1eed8018e6,6.384049948,1.0,7.374192064630209,7.716698771,7.144509171424997,6.408789932024996
ACT-0029,CHEM-1cf94792d5604073,7.490797478,1.0,6.981637551727273,7.690369833,6.538259379312294,7.501698247162503
ACT-0030,CHEM-867bcdf438f38f16,7.391473966,1.0,7.259840336268868,7.496209317,6.8092317299741625,7.364047066699998
ACT-0032,CHEM-f2ddede2d417e675,7.074172425,1.0,7.259840336268868,7.496209317,7.32721826664167,7.053284496762494
ACT-0033,CHEM-0fda888fc7843856,6.913640169,1.0,7.374192064630209,7.266802735,7.245073210750005,6.881776679424997
ACT-0034,CHEM-c42ace1f16c0a32e,7.266802735,1.0,6.981637551727273,6.913640169,6.947779256666665,7.262712428424997
ACT-0035,CHEM-e9ce37bc38208f7d,6.148741651,1.0,7.374192064630209,7.455931956,7.5791396824374955,6.321583816937501
ACT-0036,CHEM-b9e68883d0727350,6.460923901,1.0,7.374192064630209,7.057495894,7.50881210843652,6.498315532187496
ACT-0037,CHEM-2c2b1fa8ad828b3b,6.252588192,0.5,7.374192064630209,7.548213564,6.816067016712493,6.367329445562495
ACT-0038,CHEM-81ae07e81d2d15fe,7.040958608,1.0,7.374192064630209,7.057495894,6.816067016712493,7.061268317674997
ACT-0039,CHEM-6059783a0a67ac07,7.549750892,1.0,6.981637551727273,6.476253533,6.31439135503083,7.529950276925002
ACT-0040,CHEM-5a2820b23dfd180d,6.476253533,1.0,7.374192064630209,7.549750892,6.652895022146874,6.38118298875
ACT-0041,CHEM-a27e4896ea12296f,6.88941029,1.0,7.259840336268868,7.047207557,6.422680479387506,6.875081627049998
ACT-0042,CHEM-e25cbad1cc1881db,6.15490196,1.0,7.374192064630209,7.716698771,7.816722560950001,6.322121250300001
ACT-0043,CHEM-138873071d197575,6.53165267,1.0,7.259840336268868,6.55129368,6.74636868179333,6.5191985212249985
ACT-0044,CHEM-4b33bf5787d98ea0,7.100179498,1.0,7.24040964179717,6.517126416,7.148633809552078,7.08110842535
ACT-0045,CHEM-d62a2bd77657c731,6.438898616,1.0,7.374192064630209,7.057495894,7.543702533928334,6.499776837362499
ACT-0046,CHEM-fbe8d9652d52d92a,7.548213564,1.0,6.981637551727273,6.302602611,7.400555452374998,7.533635270950003
ACT-0047,CHEM-eb0fd52652b3924f,7.321481621,1.0,6.981637551727273,7.787812396,6.800330703543752,7.322654862062495
ACT-0050,CHEM-6e9b5647f8c2c6a2,6.179798541,1.0,7.374192064630209,7.047207557,7.077286560224998,6.319129904162499
ACT-0051,CHEM-7bf704c8c2dcf678,6.673664139,1.0,7.242218865080953,6.517126416,7.131542287949996,6.693816799724995
ACT-0052,CHEM-8d155f981d2045bb,7.260427656,1.0,6.981637551727273,7.402304814,6.198859560654377,7.245852370237496
ACT-0053,CHEM-264728d7229f594d,5.826813732,1.0,7.374192064630209,7.716698771,7.128368832225,6.210502205624999
ACT-0054,CHEM-27a09ca08693a327,6.777283529,1.0,6.981637551727273,7.787812396,7.058474775294792,6.839902647162496
ACT-0055,CHEM-ae3c55624dbbc52e,6.958607315,1.0,7.259840336268868,7.125518182,7.265193382981549,6.950904903087499
ACT-0056,CHEM-6bb9aa4811bbcb02,6.43062609,1.0,7.374192064630209,7.716698771,7.484094366187497,6.379540565087497
ACT-0057,CHEM-4beade89cf303ec2,6.498940738,1.0,7.24040964179717,7.54515514,7.435993376781257,6.527714449974996
ACT-0058,CHEM-980599e77847b143,7.125518182,1.0,7.242218865080953,6.958607315,7.056531009989165,7.099098506012498
ACT-0059,CHEM-bbc0a80a26c1dad4,6.246416941,1.0,7.374192064630209,7.744727495,7.768627444183329,6.348939612100001
ACT-0060,CHEM-42ccfc2759857d0a,7.449771647,1.0,6.981637551727273,7.787812396,7.058474775294792,7.413470267424996
ACT-0061,CHEM-5add0f87a0f6fd3d,6.189095719,1.0,7.374192064630209,7.716698771,7.128368832225,6.326954937525
ACT-0062,CHEM-7a18369f8edc1ef9,7.782516056,1.0,6.981637551727273,7.823908741,6.9838350773500055,7.807786503987501
ACT-0063,CHEM-e3af42197365733a,7.759450752,1.0,6.981637551727273,7.787812396,7.550159259029999,7.781350886600002
ACT-0064,CHEM-9ee9efc733a2aa94,7.823908741,1.0,7.24040964179717,7.769551079,7.687703472479169,7.822417237337497
ACT-0065,CHEM-74b72610476f43aa,6.869666232,1.0,7.374192064630209,7.716698771,7.128368832225,6.834996927412497
ACT-0066,CHEM-4384d7b3b24a886e,7.787812396,1.0,7.24040964179717,7.321481621,7.399989467707502,7.8038486021750035
ACT-0067,CHEM-e1ed07c097bdd754,7.987162775,1.0,7.374192064630209,6.313363731,7.794711445168754,8.039240514999998
ACT-0068,CHEM-f617d757033dca51,7.787812396,1.0,7.374192064630209,6.446116973,7.070604728980056,7.758993682575006
ACT-0069,CHEM-0992dff5a582b21a,7.20481541,1.0,6.981637551727273,7.829738285,7.443815000411249,7.184889859299998
ACT-0070,CHEM-5233869dab2cecd6,7.54515514,1.0,6.981637551727273,7.402304814,7.432139131255001,7.517943446787504
ACT-0071,CHEM-1a3199a60684142c,7.787812396,1.0,6.981637551727273,6.832682665,6.881365990552491,7.787490988975
ACT-0072,CHEM-1867c73baa16cc19,7.844663963,1.0,6.981637551727273,7.100179498,6.955192598295838,7.795128436412506
ACT-0073,CHEM-92008589c6b5efd2,7.787812396,1.0,7.259840336268868,7.987162775,7.701981076066071,7.838750019475003
ACT-0074,CHEM-6a13c48f89cf8463,7.987162775,1.0,7.24040964179717,7.787812396,7.5736413318375,8.006668549737494
ACT-0075,CHEM-fdee6215052f0f83,8.220403509,1.0,6.981637551727273,7.829738285,6.929317186587502,7.951589396187501
ACT-0076,CHEM-77a5a4cd38f10001,7.823908741,0.5,6.981637551727273,6.832682665,6.935288561137503,7.795128436412506
ACT-0077,CHEM-6bf1dd9dd6929a54,6.173925197,0.5,6.981637551727273,7.829738285,6.346140218534993,6.1442558917000065
ACT-0078,CHEM-37e1c2dd4ef2847f,7.716698771,1.0,7.242218865080953,6.15490196,7.151371899595832,7.683975844762502
ACT-0079,CHEM-f9aa79cca2340b18,7.623423043,0.5,6.981637551727273,7.402304814,7.5069799842675,7.696864499549991
ACT-0080,CHEM-73c4e386926a7f99,7.507239611,1.0,6.981637551727273,7.402304814,7.5069799842675,7.500041247775004
ACT-0081,CHEM-f9aa79cca2340b18,7.079354999,0.5,6.981637551727273,7.402304814,7.5069799842675,7.102758424762496
ACT-0082,CHEM-a3ee8353bcdf567b,6.869666232,1.0,6.981637551727273,7.787812396,7.234839708925001,6.900073375825005
ACT-0083,CHEM-492a1c0666493ebf,7.512861625,0.5,6.981637551727273,7.402304814,7.040987037037503,7.4976547357750025
ACT-0084,CHEM-a3697fc0a140db3c,7.838631998,1.0,6.981637551727273,6.832682665,6.978013788471662,7.794920076075004
ACT-0085,CHEM-492a1c0666493ebf,7.950781977,0.5,6.981637551727273,7.402304814,7.040987037037503,7.958829177225001
ACT-0086,CHEM-cc6d31434b6b4602,7.347753659,1.0,6.981637551727273,7.402304814,7.432139131255001,7.359929874549998
ACT-0087,CHEM-601c4eb54046188f,7.627087997,1.0,6.981637551727273,7.829738285,7.515266040218547,7.589392950600002
ACT-0088,CHEM-bbb5db870fe72d3c,6.634512015,1.0,7.24040964179717,6.446116973,7.346556669420414,6.624259929124996
ACT-0089,CHEM-2c2b1fa8ad828b3b,6.35261703,0.5,7.374192064630209,7.548213564,6.816067016712493,6.436513916249995
ACT-0090,CHEM-2129aea8641c3b46,7.54515514,1.0,7.242218865080953,6.498940738,6.778005178732495,7.543755789525004
ACT-0091,CHEM-6bf1dd9dd6929a54,7.71219827,0.5,6.981637551727273,7.829738285,6.346140218534993,7.703377635687495
ACT-0092,CHEM-6dc536ab571bf4e0,7.106793247,1.0,6.981637551727273,7.787812396,7.431878181274996,7.130534418899996
ACT-0093,CHEM-6626cdedbcfdcd80,7.600326279,1.0,6.981637551727273,7.787812396,7.185894532350001,7.536491832912501
ACT-0094,CHEM-79282acfeb90c1c9,6.832682665,1.0,7.259840336268868,7.838631998,7.107818429024997,6.888025411662495
ACT-0095,CHEM-4e4b06611b4e2190,6.313363731,1.0,6.981637551727273,6.844663963,6.802640860595834,6.374033643562493
ACT-0097,CHEM-b9d594eb84afc77f,6.899629455,1.0,6.981637551727273,6.844663963,6.872290644741669,6.8832773283125
ACT-0098,CHEM-ec75515084ae8ed9,6.446116973,1.0,6.981637551727273,6.634512015,6.744167456337503,6.425087515224995
ACT-0099,CHEM-62c41d2138273056,6.521433504,1.0,7.374192064630209,7.54515514,7.420989682284377,6.482353516162499
ACT-0100,CHEM-0d0e50504fb621a1,7.368556231,1.0,7.24040964179717,7.402304814,7.5736413318375,7.382490489962497
ACT-0101,CHEM-c8b4d8b105d66b9d,7.402304814,1.0,7.242218865080953,7.368556231,7.40576795554198,7.3712951579249975
ACT-0102,CHEM-16a4de1d344ed98d,7.173925197,1.0,7.259840336268868,7.402304814,7.196456979874999,7.2114021706499996
ACT-0103,CHEM-c819110f37447e94,7.315154638,1.0,6.981637551727273,7.402304814,6.883882763060832,7.3522963913499995
ACT-0104,CHEM-1e4df3d061025532,7.136082623,1.0,6.981637551727273,7.402304814,7.443667422965417,7.1550490175874994
ACT-0105,CHEM-3bcece6d17e73b25,7.460923901,1.0,6.981637551727273,7.368556231,7.185629090212499,7.480315065537499
ACT-0106,CHEM-ef3ced69f7e42e26,7.677780705,1.0,6.981637551727273,7.829738285,6.942302057334166,7.7075042451874936
ACT-0107,CHEM-9822352de6a3cbee,8.175223538,1.0,6.981637551727273,7.402304814,6.577466137300003,7.950686987562501
ACT-0108,CHEM-f2c47945fc27d48c,7.220403509,1.0,7.24040964179717,7.226945307,7.037990979237499,7.182148172175003
ACT-0109,CHEM-42bc827f1065674c,7.559090918,1.0,6.981637551727273,7.402304814,7.5745602883212495,7.5134525741374985
ACT-0110,CHEM-51ed3631b5a5caa1,7.226945307,1.0,6.981637551727273,7.220403509,7.215111252774996,7.207088583862498
ACT-0111,CHEM-bc27b6bb09e9737d,7.568636236,1.0,6.981637551727273,7.402304814,6.708530866012498,7.529950276925002
ACT-0112,CHEM-77a5a4cd38f10001,7.395773947,0.5,6.981637551727273,6.832682665,6.935288561137503,7.376017387312499
ACT-0113,CHEM-84cef84952496cb9,7.681936665,1.0,6.981637551727273,7.402304814,7.272806077320832,7.705165409949993
ACT-0114,CHEM-d1fff744f73710ac,7.698970004,1.0,7.374192064630209,8.175223538,7.752885900516253,7.677382239925002
ACT-0115,CHEM-2773fcab444beafd,6.931814138,1.0,6.981637551727273,7.787812396,7.1868151568,6.903840106987504
ACT-0116,CHEM-03f25696d23571b6,7.298432015,1.0,6.981637551727273,7.402304814,7.432139131255001,7.315261471024996
ACT-0117,CHEM-b1452b3185b46678,7.494850022,1.0,7.242218865080953,7.732828272,7.478968539464171,7.496551185887499
ACT-0118,CHEM-0592ca12564c7a80,7.882728704,1.0,6.981637551727273,7.402304814,6.937014085268328,7.8008444806375055
ACT-0119,CHEM-502adea8afc3ce4f,7.853871964,1.0,6.981637551727273,7.829738285,6.929317186587502,7.803607808700005
ACT-0120,CHEM-b8b7b0b64a3e54db,7.744727495,1.0,6.981637551727273,7.402304814,6.683273664746665,7.713740789812493
ACT-0121,CHEM-4cffa1ee093ef7c9,7.732828272,1.0,7.24040964179717,7.402304814,7.467514330718747,7.769710388787504
ACT-0122,CHEM-37c823f2ac118302,7.769551079,1.0,6.981637551727273,7.823908741,7.363360446987502,7.7939742011124995
ACT-0123,CHEM-b1afaa2f8f6df7c9,7.869666232,1.0,6.981637551727273,7.829738285,6.414358426539164,7.800016775862505
ACT-0124,CHEM-db1a73d07b1dba27,7.496209317,1.0,6.981637551727273,7.690369833,7.000993090487507,7.5060909564625025
ACT-0125,CHEM-6374d7615f692028,7.701146924,1.0,6.981637551727273,7.829738285,6.771670104850005,7.723664418299994
ACT-0126,CHEM-6af35978ad5acbaa,7.647817482,1.0,6.981637551727273,7.829738285,6.681080457187505,7.703886442387493
