row_id,source_activity_id,source_matches,issues
ACT-0001,28327037,True,
ACT-0002,28327046,True,
ACT-0003,28327055,True,
ACT-0004,28327064,True,
ACT-0005,28327073,True,
ACT-0006,28327082,True,
ACT-0007,28327091,True,
ACT-0008,28327100,True,
ACT-0009,28327109,True,
ACT-0010,28327127,True,
ACT-0011,28327145,True,
ACT-0012,28327154,True,
ACT-0013,28327163,True,
ACT-0014,28327172,True,
ACT-0015,28327190,True,
ACT-0016,28327199,True,
ACT-0017,28327208,True,
ACT-0018,28327217,True,
ACT-0019,28327226,True,
ACT-0020,28327235,True,
ACT-0021,28327244,True,
ACT-0022,28327253,True,
ACT-0023,28327262,True,
ACT-0024,28327280,True,
ACT-0025,28327289,True,
ACT-0026,28327298,True,
ACT-0027,28327307,True,
ACT-0028,28327316,True,
ACT-0029,28327325,True,
ACT-0030,28327343,True,
ACT-0031,28327352,True,
ACT-0032,28327361,True,
ACT-0033,28327370,True,
ACT-0034,28327379,True,
ACT-0035,28327388,True,
ACT-0036,28327397,True,
ACT-0037,28327406,True,
ACT-0038,28327415,True,
ACT-0039,28327424,True,
ACT-0040,28327433,True,
ACT-0041,28327442,True,
ACT-0042,28327451,True,
ACT-0043,28327469,True,
ACT-0044,28327478,True,
ACT-0045,28327487,True,
ACT-0046,28327496,True,
ACT-0047,28327505,True,
ACT-0048,28327514,True,
ACT-0049,28327523,True,
ACT-0050,28327532,True,
ACT-0051,28327541,True,
ACT-0052,28327559,True,
ACT-0053,28327568,True,
ACT-0054,28327577,True,
ACT-0055,28327586,True,
ACT-0056,28327595,True,
ACT-0057,28327604,True,
ACT-0058,28327613,True,
ACT-0059,28327640,True,
ACT-0060,28327649,True,
ACT-0061,28327658,True,
ACT-0062,28327676,True,
ACT-0063,28327685,True,
ACT-0064,28327694,True,
ACT-0065,28327703,True,
ACT-0066,28327712,True,
ACT-0067,28327721,True,
ACT-0068,28327730,True,
ACT-0069,28327739,True,
ACT-0070,28327748,True,
ACT-0071,28327757,True,
ACT-0072,28327766,True,
ACT-0073,28327775,True,
ACT-0074,28327784,True,
ACT-0075,28327793,True,
ACT-0076,28327802,True,
ACT-0077,28327811,True,
ACT-0078,28327829,True,
ACT-0079,28327838,True,
ACT-0080,28327847,True,
ACT-0081,28327856,True,
ACT-0082,28327865,True,
ACT-0083,28327883,True,
ACT-0084,28327892,True,
ACT-0085,28327901,True,
ACT-0086,28327910,True,
ACT-0087,28327919,True,
ACT-0088,28327928,True,
ACT-0089,28327937,True,
ACT-0090,28327964,True,
ACT-0091,28327973,True,
ACT-0092,28327982,True,
ACT-0093,28327991,True,
ACT-0094,28328000,True,
ACT-0095,28328009,True,
ACT-0096,28328027,True,
ACT-0097,28328036,True,
ACT-0098,28328045,True,
ACT-0099,28328054,True,
ACT-0100,28328063,True,
ACT-0101,28328072,True,
ACT-0102,28328081,True,
ACT-0103,28328090,True,
ACT-0104,28328099,True,
ACT-0105,28328108,True,
ACT-0106,28328117,True,
ACT-0107,28328126,True,
ACT-0108,28328144,True,
ACT-0109,28328153,True,
ACT-0110,28328162,True,
ACT-0111,28328171,True,
ACT-0112,28328180,True,
ACT-0113,28328189,True,
ACT-0114,28328198,True,
ACT-0115,28328216,True,
ACT-0116,28328225,True,
ACT-0117,28328234,True,
ACT-0118,28328243,True,
ACT-0119,28328252,True,
ACT-0120,28328261,True,
ACT-0121,28328270,True,
ACT-0122,28328279,True,
ACT-0123,28328288,True,
ACT-0124,28328306,True,
ACT-0125,28328315,True,
ACT-0126,28328324,True,
ACT-0127,1142480,True,
ACT-0128,1142488,True,
ACT-0129,1143809,True,
ACT-0130,1143811,True,
ACT-0131,1145032,True,
ACT-0132,1145034,True,
ACT-0133,1145036,True,
ACT-0134,1145044,True,
ACT-0135,1146499,True,
ACT-0136,1146501,True,
ACT-0137,1149045,True,
ACT-0138,1150272,True,
ACT-0139,1150274,True,
ACT-0140,1150276,True,
ACT-0141,1150278,True,
ACT-0142,1151481,True,
ACT-0143,1152636,True,
ACT-0144,1152638,True,
ACT-0145,1152640,True,
ACT-0146,1152642,True,
ACT-0147,1152644,True,
ACT-0148,1152646,True,
ACT-0149,1153932,True,
ACT-0150,1153934,True,
ACT-0151,1153936,True,
ACT-0152,1155249,True,
ACT-0153,1155251,True,
ACT-0154,1155253,True,
ACT-0155,1155255,True,
ACT-0156,1156654,True,
ACT-0157,1156656,True,
ACT-0158,1157792,True,
ACT-0159,1159240,True,
ACT-0160,1159242,True,
ACT-0161,1159244,True,
ACT-0162,1159246,True,
ACT-0163,1159254,True,
ACT-0164,1159262,True,
ACT-0165,1160477,True,
ACT-0166,1160479,True,
ACT-0167,1160487,True,
ACT-0168,1161892,True,
ACT-0169,1161894,True,
ACT-0170,1163394,True,
ACT-0171,1164791,True,
ACT-0172,1164793,True,
ACT-0173,1166069,True,
ACT-0174,1166071,True,
ACT-0175,1167445,True,
ACT-0176,1167447,True,
ACT-0177,1167449,True,
ACT-0178,1168728,True,
ACT-0179,1168730,True,
ACT-0180,1168732,True,
ACT-0181,1168734,True,
ACT-0182,1170042,True,
ACT-0183,1170050,True,
ACT-0184,1170052,True,
ACT-0185,1170054,True,
ACT-0186,1171206,True,
ACT-0187,1171208,True,
ACT-0188,1172510,True,
ACT-0189,1172512,True,
ACT-0190,1172514,True,
ACT-0191,1172516,True,
ACT-0192,1173813,True,
ACT-0193,1173815,True,
ACT-0194,1173817,True,
ACT-0195,1173819,True,
ACT-0196,1175158,True,
ACT-0197,1175160,True,
ACT-0198,1175162,True,
ACT-0199,1175164,True,
ACT-0200,1175166,True,
ACT-0201,1175168,True,
ACT-0202,1175170,True,
ACT-0203,1176438,True,
ACT-0204,1176440,True,
ACT-0205,1176448,True,
ACT-0206,1176450,True,
ACT-0207,1177754,True,
ACT-0208,1177756,True,
ACT-0209,1177758,True,
ACT-0210,1178972,True,
ACT-0211,1180348,True,
ACT-0212,1180350,True,
ACT-0213,1180352,True,
ACT-0214,1181715,True,
ACT-0215,1181717,True,
ACT-0216,1181719,True,
ACT-0217,1183032,True,
ACT-0218,1183034,True,
ACT-0219,1183036,True,
ACT-0220,1183038,True,
ACT-0221,17669017,True,
ACT-0222,17669018,True,
ACT-0223,17669019,True,
ACT-0224,17669020,True,
ACT-0225,17669021,True,
ACT-0226,17669022,True,
ACT-0227,17669023,True,
ACT-0228,17669024,True,
ACT-0229,17669025,True,
ACT-0230,17669026,True,
ACT-0231,17669027,True,
ACT-0232,17669028,True,
ACT-0233,17669029,True,
ACT-0234,17669030,True,
ACT-0235,17669031,True,
ACT-0236,17669032,True,
ACT-0237,17669033,True,
ACT-0238,17669034,True,
ACT-0239,17669035,True,
ACT-0240,17669036,True,
ACT-0241,17669037,True,
ACT-0242,17669038,True,
ACT-0243,17669039,True,
ACT-0244,17669040,True,
ACT-0245,17669041,True,
ACT-0246,17669042,True,
ACT-0247,17669043,True,
ACT-0248,17669044,True,
ACT-0249,17669045,True,
ACT-0250,17669046,True,
ACT-0251,17669047,True,
ACT-0252,17669048,True,
ACT-0253,17669049,True,
ACT-0254,17669050,True,
ACT-0255,17669051,True,
ACT-0256,17669052,True,
ACT-9001,28327037,True,
ACT-9002,28327046,True,
